[{"Current horizontal": null, "Current vertical": null, "Action": 1, "Reward": 10, "Next horizontal": 822, "Next vertical": 107, "Score": 0}, {"Current horizontal": 818, "Current vertical": 107, "Action": 0, "Reward": 10, "Next horizontal": 814, "Next vertical": 107, "Score": 0}, {"Current horizontal": 814, "Current vertical": 107, "Action": 0, "Reward": 10, "Next horizontal": 810, "Next vertical": 107, "Score": 0}, {"Current horizontal": 810, "Current vertical": 107, "Action": 0, "Reward": 10, "Next horizontal": 806, "Next vertical": 106, "Score": 0}, {"Current horizontal": 806, "Current vertical": 106, "Action": 0, "Reward": 10, "Next horizontal": 802, "Next vertical": 105, "Score": 0}, {"Current horizontal": 802, "Current vertical": 105, "Action": 0, "Reward": 10, "Next horizontal": 798, "Next vertical": 103, "Score": 0}, {"Current horizontal": 798, "Current vertical": 103, "Action": 0, "Reward": 10, "Next horizontal": 794, "Next vertical": 101, "Score": 0}, {"Current horizontal": 794, "Current vertical": 101, "Action": 0, "Reward": 10, "Next horizontal": 790, "Next vertical": 98, "Score": 0}, {"Current horizontal": 790, "Current vertical": 98, "Action": 0, "Reward": 10, "Next horizontal": 786, "Next vertical": 95, "Score": 0}, {"Current horizontal": 786, "Current vertical": 95, "Action": 0, "Reward": 10, "Next horizontal": 782, "Next vertical": 91, "Score": 0}, {"Current horizontal": 782, "Current vertical": 91, "Action": 0, "Reward": 10, "Next horizontal": 778, "Next vertical": 87, "Score": 0}, {"Current horizontal": 778, "Current vertical": 87, "Action": 0, "Reward": 10, "Next horizontal": 774, "Next vertical": 82, "Score": 0}, {"Current horizontal": 774, "Current vertical": 82, "Action": 0, "Reward": 10, "Next horizontal": 770, "Next vertical": 77, "Score": 0}, {"Current horizontal": 770, "Current vertical": 77, "Action": 0, "Reward": 10, "Next horizontal": 766, "Next vertical": 71, "Score": 0}, {"Current horizontal": 766, "Current vertical": 71, "Action": 0, "Reward": 10, "Next horizontal": 762, "Next vertical": 65, "Score": 0}, {"Current horizontal": 762, "Current vertical": 65, "Action": 0, "Reward": 10, "Next horizontal": 758, "Next vertical": 58, "Score": 0}, {"Current horizontal": 758, "Current vertical": 58, "Action": 0, "Reward": 10, "Next horizontal": 754, "Next vertical": 51, "Score": 0}, {"Current horizontal": 754, "Current vertical": 51, "Action": 0, "Reward": 10, "Next horizontal": 750, "Next vertical": 43, "Score": 0}, {"Current horizontal": 750, "Current vertical": 43, "Action": 0, "Reward": 10, "Next horizontal": 746, "Next vertical": 35, "Score": 0}, {"Current horizontal": 746, "Current vertical": 35, "Action": 0, "Reward": 10, "Next horizontal": 742, "Next vertical": 27, "Score": 0}, {"Current horizontal": 742, "Current vertical": 27, "Action": 0, "Reward": 10, "Next horizontal": 738, "Next vertical": 19, "Score": 0}, {"Current horizontal": 738, "Current vertical": 19, "Action": 0, "Reward": 10, "Next horizontal": 734, "Next vertical": 11, "Score": 0}, {"Current horizontal": 734, "Current vertical": 11, "Action": 0, "Reward": 10, "Next horizontal": 730, "Next vertical": 3, "Score": 0}, {"Current horizontal": 730, "Current vertical": 3, "Action": 0, "Reward": 10, "Next horizontal": 726, "Next vertical": -5, "Score": 0}, {"Current horizontal": 726, "Current vertical": -5, "Action": 0, "Reward": 10, "Next horizontal": 722, "Next vertical": -13, "Score": 0}, {"Current horizontal": 722, "Current vertical": -13, "Action": 0, "Reward": 10, "Next horizontal": 718, "Next vertical": -21, "Score": 0}, {"Current horizontal": 718, "Current vertical": -21, "Action": 0, "Reward": 10, "Next horizontal": 714, "Next vertical": -29, "Score": 0}, {"Current horizontal": 714, "Current vertical": -29, "Action": 0, "Reward": 10, "Next horizontal": 710, "Next vertical": -37, "Score": 0}, {"Current horizontal": 710, "Current vertical": -37, "Action": 0, "Reward": 10, "Next horizontal": 706, "Next vertical": -45, "Score": 0}, {"Current horizontal": 706, "Current vertical": -45, "Action": 0, "Reward": 10, "Next horizontal": 702, "Next vertical": -53, "Score": 0}, {"Current horizontal": 702, "Current vertical": -53, "Action": 0, "Reward": 10, "Next horizontal": 698, "Next vertical": -61, "Score": 0}, {"Current horizontal": 698, "Current vertical": -61, "Action": 0, "Reward": 10, "Next horizontal": 694, "Next vertical": -69, "Score": 0}, {"Current horizontal": 694, "Current vertical": -69, "Action": 0, "Reward": 10, "Next horizontal": 690, "Next vertical": -77, "Score": 0}, {"Current horizontal": 690, "Current vertical": -77, "Action": 0, "Reward": 10, "Next horizontal": 686, "Next vertical": -85, "Score": 0}, {"Current horizontal": 686, "Current vertical": -85, "Action": 0, "Reward": 10, "Next horizontal": 682, "Next vertical": -93, "Score": 0}, {"Current horizontal": 682, "Current vertical": -93, "Action": 0, "Reward": 10, "Next horizontal": 678, "Next vertical": -101, "Score": 0}, {"Current horizontal": 678, "Current vertical": -101, "Action": 0, "Reward": 10, "Next horizontal": 674, "Next vertical": -109, "Score": 0}, {"Current horizontal": 674, "Current vertical": -109, "Action": 0, "Reward": 10, "Next horizontal": 670, "Next vertical": -117, "Score": 0}, {"Current horizontal": 670, "Current vertical": -117, "Action": 0, "Reward": 10, "Next horizontal": 666, "Next vertical": -125, "Score": 0}, {"Current horizontal": 666, "Current vertical": -125, "Action": 0, "Reward": 10, "Next horizontal": 662, "Next vertical": -133, "Score": 0}, {"Current horizontal": 662, "Current vertical": -133, "Action": 0, "Reward": 10, "Next horizontal": 658, "Next vertical": -141, "Score": 0}, {"Current horizontal": 658, "Current vertical": -141, "Action": 0, "Reward": 10, "Next horizontal": 654, "Next vertical": -149, "Score": 0}, {"Current horizontal": 654, "Current vertical": -149, "Action": 0, "Reward": 10, "Next horizontal": 650, "Next vertical": -157, "Score": 0}, {"Current horizontal": 650, "Current vertical": -157, "Action": 0, "Reward": 10, "Next horizontal": 646, "Next vertical": -165, "Score": 0}, {"Current horizontal": 650, "Current vertical": -157, "Action": 0, "Reward": -1000, "Next horizontal": null, "Next vertical": null, "Score": 0}]