[{"Current horizontal": null, "Current vertical": null, "Action": 1, "Reward": 10, "Next horizontal": 822, "Next vertical": 134, "Score": 0}, {"Current horizontal": 818, "Current vertical": 126, "Action": 0, "Reward": 10, "Next horizontal": 814, "Next vertical": 118, "Score": 0}, {"Current horizontal": 814, "Current vertical": 118, "Action": 0, "Reward": 10, "Next horizontal": 810, "Next vertical": 110, "Score": 0}, {"Current horizontal": 810, "Current vertical": 110, "Action": 0, "Reward": 10, "Next horizontal": 806, "Next vertical": 102, "Score": 0}, {"Current horizontal": 806, "Current vertical": 102, "Action": 0, "Reward": 10, "Next horizontal": 802, "Next vertical": 94, "Score": 0}, {"Current horizontal": 802, "Current vertical": 94, "Action": 0, "Reward": 10, "Next horizontal": 798, "Next vertical": 86, "Score": 0}, {"Current horizontal": 798, "Current vertical": 86, "Action": 0, "Reward": 10, "Next horizontal": 794, "Next vertical": 78, "Score": 0}, {"Current horizontal": 794, "Current vertical": 78, "Action": 0, "Reward": 10, "Next horizontal": 790, "Next vertical": 70, "Score": 0}, {"Current horizontal": 790, "Current vertical": 70, "Action": 0, "Reward": 10, "Next horizontal": 786, "Next vertical": 62, "Score": 0}, {"Current horizontal": 786, "Current vertical": 62, "Action": 0, "Reward": 10, "Next horizontal": 782, "Next vertical": 54, "Score": 0}, {"Current horizontal": 782, "Current vertical": 54, "Action": 0, "Reward": 10, "Next horizontal": 778, "Next vertical": 46, "Score": 0}, {"Current horizontal": 778, "Current vertical": 46, "Action": 0, "Reward": 10, "Next horizontal": 774, "Next vertical": 38, "Score": 0}, {"Current horizontal": 774, "Current vertical": 38, "Action": 0, "Reward": 10, "Next horizontal": 770, "Next vertical": 30, "Score": 0}, {"Current horizontal": 770, "Current vertical": 30, "Action": 0, "Reward": 10, "Next horizontal": 766, "Next vertical": 22, "Score": 0}, {"Current horizontal": 766, "Current vertical": 22, "Action": 0, "Reward": 10, "Next horizontal": 762, "Next vertical": 14, "Score": 0}, {"Current horizontal": 762, "Current vertical": 14, "Action": 0, "Reward": 10, "Next horizontal": 758, "Next vertical": 6, "Score": 0}, {"Current horizontal": 758, "Current vertical": 6, "Action": 0, "Reward": 10, "Next horizontal": 754, "Next vertical": -2, "Score": 0}, {"Current horizontal": 754, "Current vertical": -2, "Action": 1, "Reward": 10, "Next horizontal": 750, "Next vertical": 7, "Score": 0}, {"Current horizontal": 750, "Current vertical": 7, "Action": 0, "Reward": 10, "Next horizontal": 746, "Next vertical": 16, "Score": 0}, {"Current horizontal": 746, "Current vertical": 16, "Action": 0, "Reward": 10, "Next horizontal": 742, "Next vertical": 24, "Score": 0}, {"Current horizontal": 742, "Current vertical": 24, "Action": 0, "Reward": 10, "Next horizontal": 738, "Next vertical": 32, "Score": 0}, {"Current horizontal": 738, "Current vertical": 32, "Action": 0, "Reward": 10, "Next horizontal": 734, "Next vertical": 39, "Score": 0}, {"Current horizontal": 734, "Current vertical": 39, "Action": 0, "Reward": 10, "Next horizontal": 730, "Next vertical": 46, "Score": 0}, {"Current horizontal": 730, "Current vertical": 46, "Action": 0, "Reward": 10, "Next horizontal": 726, "Next vertical": 52, "Score": 0}, {"Current horizontal": 726, "Current vertical": 52, "Action": 0, "Reward": 10, "Next horizontal": 722, "Next vertical": 58, "Score": 0}, {"Current horizontal": 722, "Current vertical": 58, "Action": 0, "Reward": 10, "Next horizontal": 718, "Next vertical": 63, "Score": 0}, {"Current horizontal": 718, "Current vertical": 63, "Action": 0, "Reward": 10, "Next horizontal": 714, "Next vertical": 68, "Score": 0}, {"Current horizontal": 714, "Current vertical": 68, "Action": 0, "Reward": 10, "Next horizontal": 710, "Next vertical": 72, "Score": 0}, {"Current horizontal": 710, "Current vertical": 72, "Action": 0, "Reward": 10, "Next horizontal": 706, "Next vertical": 76, "Score": 0}, {"Current horizontal": 706, "Current vertical": 76, "Action": 0, "Reward": 10, "Next horizontal": 702, "Next vertical": 79, "Score": 0}, {"Current horizontal": 702, "Current vertical": 79, "Action": 0, "Reward": 10, "Next horizontal": 698, "Next vertical": 82, "Score": 0}, {"Current horizontal": 698, "Current vertical": 82, "Action": 0, "Reward": 10, "Next horizontal": 694, "Next vertical": 84, "Score": 0}, {"Current horizontal": 694, "Current vertical": 84, "Action": 0, "Reward": 10, "Next horizontal": 690, "Next vertical": 86, "Score": 0}, {"Current horizontal": 690, "Current vertical": 86, "Action": 0, "Reward": 10, "Next horizontal": 686, "Next vertical": 87, "Score": 0}, {"Current horizontal": 686, "Current vertical": 87, "Action": 0, "Reward": 10, "Next horizontal": 682, "Next vertical": 88, "Score": 0}, {"Current horizontal": 682, "Current vertical": 88, "Action": 0, "Reward": 10, "Next horizontal": 678, "Next vertical": 88, "Score": 0}, {"Current horizontal": 678, "Current vertical": 88, "Action": 0, "Reward": 10, "Next horizontal": 674, "Next vertical": 88, "Score": 0}, {"Current horizontal": 674, "Current vertical": 88, "Action": 0, "Reward": 10, "Next horizontal": 670, "Next vertical": 88, "Score": 0}, {"Current horizontal": 670, "Current vertical": 88, "Action": 0, "Reward": 10, "Next horizontal": 666, "Next vertical": 87, "Score": 0}, {"Current horizontal": 666, "Current vertical": 87, "Action": 0, "Reward": 10, "Next horizontal": 662, "Next vertical": 86, "Score": 0}, {"Current horizontal": 662, "Current vertical": 86, "Action": 0, "Reward": 10, "Next horizontal": 658, "Next vertical": 84, "Score": 0}, {"Current horizontal": 658, "Current vertical": 84, "Action": 0, "Reward": 10, "Next horizontal": 654, "Next vertical": 82, "Score": 0}, {"Current horizontal": 654, "Current vertical": 82, "Action": 0, "Reward": 10, "Next horizontal": 650, "Next vertical": 79, "Score": 0}, {"Current horizontal": 650, "Current vertical": 79, "Action": 0, "Reward": 10, "Next horizontal": 646, "Next vertical": 76, "Score": 0}, {"Current horizontal": 646, "Current vertical": 76, "Action": 0, "Reward": 10, "Next horizontal": 642, "Next vertical": 72, "Score": 0}, {"Current horizontal": 642, "Current vertical": 72, "Action": 0, "Reward": 10, "Next horizontal": 638, "Next vertical": 68, "Score": 0}, {"Current horizontal": 638, "Current vertical": 68, "Action": 0, "Reward": 10, "Next horizontal": 634, "Next vertical": 63, "Score": 0}, {"Current horizontal": 634, "Current vertical": 63, "Action": 0, "Reward": 10, "Next horizontal": 630, "Next vertical": 58, "Score": 0}, {"Current horizontal": 630, "Current vertical": 58, "Action": 0, "Reward": 10, "Next horizontal": 626, "Next vertical": 52, "Score": 0}, {"Current horizontal": 626, "Current vertical": 52, "Action": 0, "Reward": 10, "Next horizontal": 622, "Next vertical": 46, "Score": 0}, {"Current horizontal": 622, "Current vertical": 46, "Action": 0, "Reward": 10, "Next horizontal": 618, "Next vertical": 39, "Score": 0}, {"Current horizontal": 618, "Current vertical": 39, "Action": 0, "Reward": 10, "Next horizontal": 614, "Next vertical": 32, "Score": 0}, {"Current horizontal": 614, "Current vertical": 32, "Action": 0, "Reward": 10, "Next horizontal": 610, "Next vertical": 24, "Score": 0}, {"Current horizontal": 610, "Current vertical": 24, "Action": 0, "Reward": 10, "Next horizontal": 606, "Next vertical": 16, "Score": 0}, {"Current horizontal": 606, "Current vertical": 16, "Action": 0, "Reward": 10, "Next horizontal": 602, "Next vertical": 8, "Score": 0}, {"Current horizontal": 602, "Current vertical": 8, "Action": 0, "Reward": 10, "Next horizontal": 598, "Next vertical": 0, "Score": 0}, {"Current horizontal": 598, "Current vertical": 0, "Action": 0, "Reward": 10, "Next horizontal": 594, "Next vertical": -8, "Score": 0}, {"Current horizontal": 594, "Current vertical": -8, "Action": 0, "Reward": 10, "Next horizontal": 590, "Next vertical": -16, "Score": 0}, {"Current horizontal": 590, "Current vertical": -16, "Action": 0, "Reward": 10, "Next horizontal": 586, "Next vertical": -24, "Score": 0}, {"Current horizontal": 586, "Current vertical": -24, "Action": 0, "Reward": 10, "Next horizontal": 582, "Next vertical": -32, "Score": 0}, {"Current horizontal": 582, "Current vertical": -32, "Action": 0, "Reward": 10, "Next horizontal": 578, "Next vertical": -40, "Score": 0}, {"Current horizontal": 578, "Current vertical": -40, "Action": 0, "Reward": 10, "Next horizontal": 574, "Next vertical": -48, "Score": 0}, {"Current horizontal": 574, "Current vertical": -48, "Action": 0, "Reward": 10, "Next horizontal": 570, "Next vertical": -56, "Score": 0}, {"Current horizontal": 570, "Current vertical": -56, "Action": 0, "Reward": 10, "Next horizontal": 566, "Next vertical": -64, "Score": 0}, {"Current horizontal": 566, "Current vertical": -64, "Action": 0, "Reward": 10, "Next horizontal": 562, "Next vertical": -72, "Score": 0}, {"Current horizontal": 562, "Current vertical": -72, "Action": 0, "Reward": 10, "Next horizontal": 558, "Next vertical": -80, "Score": 0}, {"Current horizontal": 558, "Current vertical": -80, "Action": 0, "Reward": 10, "Next horizontal": 554, "Next vertical": -88, "Score": 0}, {"Current horizontal": 554, "Current vertical": -88, "Action": 0, "Reward": 10, "Next horizontal": 550, "Next vertical": -96, "Score": 0}, {"Current horizontal": 550, "Current vertical": -96, "Action": 0, "Reward": 10, "Next horizontal": 546, "Next vertical": -104, "Score": 0}, {"Current horizontal": 546, "Current vertical": -104, "Action": 0, "Reward": 10, "Next horizontal": 542, "Next vertical": -112, "Score": 0}, {"Current horizontal": 542, "Current vertical": -112, "Action": 0, "Reward": 10, "Next horizontal": 538, "Next vertical": -120, "Score": 0}, {"Current horizontal": 538, "Current vertical": -120, "Action": 0, "Reward": 10, "Next horizontal": 534, "Next vertical": -128, "Score": 0}, {"Current horizontal": 538, "Current vertical": -120, "Action": 0, "Reward": -1000, "Next horizontal": null, "Next vertical": null, "Score": 0}]