[{"Current horizontal": null, "Current vertical": null, "Action": 1, "Reward": 10, "Next horizontal": 822, "Next vertical": 132, "Score": 0}, {"Current horizontal": 818, "Current vertical": 124, "Action": 0, "Reward": 10, "Next horizontal": 814, "Next vertical": 116, "Score": 0}, {"Current horizontal": 814, "Current vertical": 116, "Action": 0, "Reward": 10, "Next horizontal": 810, "Next vertical": 108, "Score": 0}, {"Current horizontal": 810, "Current vertical": 108, "Action": 0, "Reward": 10, "Next horizontal": 806, "Next vertical": 100, "Score": 0}, {"Current horizontal": 806, "Current vertical": 100, "Action": 0, "Reward": 10, "Next horizontal": 802, "Next vertical": 92, "Score": 0}, {"Current horizontal": 802, "Current vertical": 92, "Action": 0, "Reward": 10, "Next horizontal": 798, "Next vertical": 84, "Score": 0}, {"Current horizontal": 798, "Current vertical": 84, "Action": 0, "Reward": 10, "Next horizontal": 794, "Next vertical": 76, "Score": 0}, {"Current horizontal": 794, "Current vertical": 76, "Action": 0, "Reward": 10, "Next horizontal": 790, "Next vertical": 68, "Score": 0}, {"Current horizontal": 790, "Current vertical": 68, "Action": 0, "Reward": 10, "Next horizontal": 786, "Next vertical": 60, "Score": 0}, {"Current horizontal": 786, "Current vertical": 60, "Action": 0, "Reward": 10, "Next horizontal": 782, "Next vertical": 52, "Score": 0}, {"Current horizontal": 782, "Current vertical": 52, "Action": 0, "Reward": 10, "Next horizontal": 778, "Next vertical": 44, "Score": 0}, {"Current horizontal": 778, "Current vertical": 44, "Action": 0, "Reward": 10, "Next horizontal": 774, "Next vertical": 36, "Score": 0}, {"Current horizontal": 774, "Current vertical": 36, "Action": 0, "Reward": 10, "Next horizontal": 770, "Next vertical": 28, "Score": 0}, {"Current horizontal": 770, "Current vertical": 28, "Action": 0, "Reward": 10, "Next horizontal": 766, "Next vertical": 20, "Score": 0}, {"Current horizontal": 766, "Current vertical": 20, "Action": 0, "Reward": 10, "Next horizontal": 762, "Next vertical": 12, "Score": 0}, {"Current horizontal": 762, "Current vertical": 12, "Action": 0, "Reward": 10, "Next horizontal": 758, "Next vertical": 4, "Score": 0}, {"Current horizontal": 758, "Current vertical": 4, "Action": 0, "Reward": 10, "Next horizontal": 754, "Next vertical": -4, "Score": 0}, {"Current horizontal": 754, "Current vertical": -4, "Action": 0, "Reward": 10, "Next horizontal": 750, "Next vertical": -12, "Score": 0}, {"Current horizontal": 750, "Current vertical": -12, "Action": 0, "Reward": 10, "Next horizontal": 746, "Next vertical": -20, "Score": 0}, {"Current horizontal": 746, "Current vertical": -20, "Action": 0, "Reward": 10, "Next horizontal": 742, "Next vertical": -28, "Score": 0}, {"Current horizontal": 742, "Current vertical": -28, "Action": 0, "Reward": 10, "Next horizontal": 738, "Next vertical": -36, "Score": 0}, {"Current horizontal": 738, "Current vertical": -36, "Action": 0, "Reward": 10, "Next horizontal": 734, "Next vertical": -44, "Score": 0}, {"Current horizontal": 734, "Current vertical": -44, "Action": 0, "Reward": 10, "Next horizontal": 730, "Next vertical": -52, "Score": 0}, {"Current horizontal": 730, "Current vertical": -52, "Action": 0, "Reward": 10, "Next horizontal": 726, "Next vertical": -60, "Score": 0}, {"Current horizontal": 726, "Current vertical": -60, "Action": 0, "Reward": 10, "Next horizontal": 722, "Next vertical": -68, "Score": 0}, {"Current horizontal": 722, "Current vertical": -68, "Action": 0, "Reward": 10, "Next horizontal": 718, "Next vertical": -76, "Score": 0}, {"Current horizontal": 718, "Current vertical": -76, "Action": 0, "Reward": 10, "Next horizontal": 714, "Next vertical": -84, "Score": 0}, {"Current horizontal": 714, "Current vertical": -84, "Action": 0, "Reward": 10, "Next horizontal": 710, "Next vertical": -92, "Score": 0}, {"Current horizontal": 710, "Current vertical": -92, "Action": 0, "Reward": 10, "Next horizontal": 706, "Next vertical": -100, "Score": 0}, {"Current horizontal": 706, "Current vertical": -100, "Action": 0, "Reward": 10, "Next horizontal": 702, "Next vertical": -108, "Score": 0}, {"Current horizontal": 702, "Current vertical": -108, "Action": 0, "Reward": 10, "Next horizontal": 698, "Next vertical": -116, "Score": 0}, {"Current horizontal": 698, "Current vertical": -116, "Action": 0, "Reward": 10, "Next horizontal": 694, "Next vertical": -124, "Score": 0}, {"Current horizontal": 698, "Current vertical": -116, "Action": 0, "Reward": -1000, "Next horizontal": null, "Next vertical": null, "Score": 0}]