[{"Current horizontal": null, "Current vertical": null, "Action": 1, "Reward": 10, "Next horizontal": 822, "Next vertical": 21, "Score": 0}, {"Current horizontal": 818, "Current vertical": 13, "Action": 0, "Reward": 10, "Next horizontal": 814, "Next vertical": 5, "Score": 0}, {"Current horizontal": 814, "Current vertical": 5, "Action": 0, "Reward": 10, "Next horizontal": 810, "Next vertical": -3, "Score": 0}, {"Current horizontal": 810, "Current vertical": -3, "Action": 0, "Reward": 10, "Next horizontal": 806, "Next vertical": -11, "Score": 0}, {"Current horizontal": 806, "Current vertical": -11, "Action": 0, "Reward": 10, "Next horizontal": 802, "Next vertical": -19, "Score": 0}, {"Current horizontal": 802, "Current vertical": -19, "Action": 0, "Reward": 10, "Next horizontal": 798, "Next vertical": -27, "Score": 0}, {"Current horizontal": 798, "Current vertical": -27, "Action": 0, "Reward": 10, "Next horizontal": 794, "Next vertical": -35, "Score": 0}, {"Current horizontal": 794, "Current vertical": -35, "Action": 0, "Reward": 10, "Next horizontal": 790, "Next vertical": -43, "Score": 0}, {"Current horizontal": 790, "Current vertical": -43, "Action": 0, "Reward": 10, "Next horizontal": 786, "Next vertical": -51, "Score": 0}, {"Current horizontal": 786, "Current vertical": -51, "Action": 0, "Reward": 10, "Next horizontal": 782, "Next vertical": -59, "Score": 0}, {"Current horizontal": 782, "Current vertical": -59, "Action": 0, "Reward": 10, "Next horizontal": 778, "Next vertical": -67, "Score": 0}, {"Current horizontal": 778, "Current vertical": -67, "Action": 0, "Reward": 10, "Next horizontal": 774, "Next vertical": -75, "Score": 0}, {"Current horizontal": 774, "Current vertical": -75, "Action": 0, "Reward": 10, "Next horizontal": 770, "Next vertical": -83, "Score": 0}, {"Current horizontal": 770, "Current vertical": -83, "Action": 0, "Reward": 10, "Next horizontal": 766, "Next vertical": -91, "Score": 0}, {"Current horizontal": 766, "Current vertical": -91, "Action": 0, "Reward": 10, "Next horizontal": 762, "Next vertical": -99, "Score": 0}, {"Current horizontal": 762, "Current vertical": -99, "Action": 0, "Reward": 10, "Next horizontal": 758, "Next vertical": -107, "Score": 0}, {"Current horizontal": 758, "Current vertical": -107, "Action": 0, "Reward": 10, "Next horizontal": 754, "Next vertical": -115, "Score": 0}, {"Current horizontal": 754, "Current vertical": -115, "Action": 0, "Reward": 10, "Next horizontal": 750, "Next vertical": -123, "Score": 0}, {"Current horizontal": 750, "Current vertical": -123, "Action": 0, "Reward": 10, "Next horizontal": 746, "Next vertical": -131, "Score": 0}, {"Current horizontal": 746, "Current vertical": -131, "Action": 0, "Reward": 10, "Next horizontal": 742, "Next vertical": -139, "Score": 0}, {"Current horizontal": 742, "Current vertical": -139, "Action": 0, "Reward": 10, "Next horizontal": 738, "Next vertical": -147, "Score": 0}, {"Current horizontal": 738, "Current vertical": -147, "Action": 0, "Reward": 10, "Next horizontal": 734, "Next vertical": -155, "Score": 0}, {"Current horizontal": 734, "Current vertical": -155, "Action": 0, "Reward": 10, "Next horizontal": 730, "Next vertical": -163, "Score": 0}, {"Current horizontal": 730, "Current vertical": -163, "Action": 0, "Reward": 10, "Next horizontal": 726, "Next vertical": -171, "Score": 0}, {"Current horizontal": 726, "Current vertical": -171, "Action": 1, "Reward": 10, "Next horizontal": 722, "Next vertical": -162, "Score": 0}, {"Current horizontal": 722, "Current vertical": -162, "Action": 0, "Reward": 10, "Next horizontal": 718, "Next vertical": -153, "Score": 0}, {"Current horizontal": 718, "Current vertical": -153, "Action": 0, "Reward": 10, "Next horizontal": 714, "Next vertical": -145, "Score": 0}, {"Current horizontal": 714, "Current vertical": -145, "Action": 0, "Reward": 10, "Next horizontal": 710, "Next vertical": -137, "Score": 0}, {"Current horizontal": 710, "Current vertical": -137, "Action": 0, "Reward": 10, "Next horizontal": 706, "Next vertical": -130, "Score": 0}, {"Current horizontal": 706, "Current vertical": -130, "Action": 0, "Reward": 10, "Next horizontal": 702, "Next vertical": -123, "Score": 0}, {"Current horizontal": 702, "Current vertical": -123, "Action": 0, "Reward": 10, "Next horizontal": 698, "Next vertical": -117, "Score": 0}, {"Current horizontal": 698, "Current vertical": -117, "Action": 0, "Reward": 10, "Next horizontal": 694, "Next vertical": -111, "Score": 0}, {"Current horizontal": 694, "Current vertical": -111, "Action": 0, "Reward": 10, "Next horizontal": 690, "Next vertical": -106, "Score": 0}, {"Current horizontal": 690, "Current vertical": -106, "Action": 0, "Reward": 10, "Next horizontal": 686, "Next vertical": -101, "Score": 0}, {"Current horizontal": 686, "Current vertical": -101, "Action": 0, "Reward": 10, "Next horizontal": 682, "Next vertical": -97, "Score": 0}, {"Current horizontal": 682, "Current vertical": -97, "Action": 0, "Reward": 10, "Next horizontal": 678, "Next vertical": -93, "Score": 0}, {"Current horizontal": 678, "Current vertical": -93, "Action": 0, "Reward": 10, "Next horizontal": 674, "Next vertical": -90, "Score": 0}, {"Current horizontal": 674, "Current vertical": -90, "Action": 0, "Reward": 10, "Next horizontal": 670, "Next vertical": -87, "Score": 0}, {"Current horizontal": 670, "Current vertical": -87, "Action": 0, "Reward": 10, "Next horizontal": 666, "Next vertical": -85, "Score": 0}, {"Current horizontal": 666, "Current vertical": -85, "Action": 0, "Reward": 10, "Next horizontal": 662, "Next vertical": -83, "Score": 0}, {"Current horizontal": 662, "Current vertical": -83, "Action": 0, "Reward": 10, "Next horizontal": 658, "Next vertical": -82, "Score": 0}, {"Current horizontal": 658, "Current vertical": -82, "Action": 0, "Reward": 10, "Next horizontal": 654, "Next vertical": -81, "Score": 0}, {"Current horizontal": 654, "Current vertical": -81, "Action": 0, "Reward": 10, "Next horizontal": 650, "Next vertical": -81, "Score": 0}, {"Current horizontal": 650, "Current vertical": -81, "Action": 0, "Reward": 10, "Next horizontal": 646, "Next vertical": -81, "Score": 0}, {"Current horizontal": 646, "Current vertical": -81, "Action": 0, "Reward": 10, "Next horizontal": 642, "Next vertical": -81, "Score": 0}, {"Current horizontal": 642, "Current vertical": -81, "Action": 0, "Reward": 10, "Next horizontal": 638, "Next vertical": -82, "Score": 0}, {"Current horizontal": 638, "Current vertical": -82, "Action": 0, "Reward": 10, "Next horizontal": 634, "Next vertical": -83, "Score": 0}, {"Current horizontal": 634, "Current vertical": -83, "Action": 0, "Reward": 10, "Next horizontal": 630, "Next vertical": -85, "Score": 0}, {"Current horizontal": 630, "Current vertical": -85, "Action": 0, "Reward": 10, "Next horizontal": 626, "Next vertical": -87, "Score": 0}, {"Current horizontal": 626, "Current vertical": -87, "Action": 0, "Reward": 10, "Next horizontal": 622, "Next vertical": -90, "Score": 0}, {"Current horizontal": 622, "Current vertical": -90, "Action": 0, "Reward": 10, "Next horizontal": 618, "Next vertical": -93, "Score": 0}, {"Current horizontal": 618, "Current vertical": -93, "Action": 0, "Reward": 10, "Next horizontal": 614, "Next vertical": -97, "Score": 0}, {"Current horizontal": 614, "Current vertical": -97, "Action": 1, "Reward": 10, "Next horizontal": 610, "Next vertical": -88, "Score": 0}, {"Current horizontal": 610, "Current vertical": -88, "Action": 0, "Reward": 10, "Next horizontal": 606, "Next vertical": -79, "Score": 0}, {"Current horizontal": 606, "Current vertical": -79, "Action": 0, "Reward": 10, "Next horizontal": 602, "Next vertical": -71, "Score": 0}, {"Current horizontal": 602, "Current vertical": -71, "Action": 0, "Reward": 10, "Next horizontal": 598, "Next vertical": -63, "Score": 0}, {"Current horizontal": 598, "Current vertical": -63, "Action": 0, "Reward": 10, "Next horizontal": 594, "Next vertical": -56, "Score": 0}, {"Current horizontal": 594, "Current vertical": -56, "Action": 0, "Reward": 10, "Next horizontal": 590, "Next vertical": -49, "Score": 0}, {"Current horizontal": 590, "Current vertical": -49, "Action": 0, "Reward": 10, "Next horizontal": 586, "Next vertical": -43, "Score": 0}, {"Current horizontal": 586, "Current vertical": -43, "Action": 0, "Reward": 10, "Next horizontal": 582, "Next vertical": -37, "Score": 0}, {"Current horizontal": 582, "Current vertical": -37, "Action": 0, "Reward": 10, "Next horizontal": 578, "Next vertical": -32, "Score": 0}, {"Current horizontal": 578, "Current vertical": -32, "Action": 0, "Reward": 10, "Next horizontal": 574, "Next vertical": -27, "Score": 0}, {"Current horizontal": 574, "Current vertical": -27, "Action": 0, "Reward": 10, "Next horizontal": 570, "Next vertical": -23, "Score": 0}, {"Current horizontal": 570, "Current vertical": -23, "Action": 0, "Reward": 10, "Next horizontal": 566, "Next vertical": -19, "Score": 0}, {"Current horizontal": 566, "Current vertical": -19, "Action": 0, "Reward": 10, "Next horizontal": 562, "Next vertical": -16, "Score": 0}, {"Current horizontal": 562, "Current vertical": -16, "Action": 0, "Reward": 10, "Next horizontal": 558, "Next vertical": -13, "Score": 0}, {"Current horizontal": 558, "Current vertical": -13, "Action": 0, "Reward": 10, "Next horizontal": 554, "Next vertical": -11, "Score": 0}, {"Current horizontal": 554, "Current vertical": -11, "Action": 0, "Reward": 10, "Next horizontal": 550, "Next vertical": -9, "Score": 0}, {"Current horizontal": 550, "Current vertical": -9, "Action": 0, "Reward": 10, "Next horizontal": 546, "Next vertical": -8, "Score": 0}, {"Current horizontal": 546, "Current vertical": -8, "Action": 0, "Reward": 10, "Next horizontal": 542, "Next vertical": -7, "Score": 0}, {"Current horizontal": 542, "Current vertical": -7, "Action": 0, "Reward": 10, "Next horizontal": 538, "Next vertical": -7, "Score": 0}, {"Current horizontal": 538, "Current vertical": -7, "Action": 0, "Reward": 10, "Next horizontal": 534, "Next vertical": -7, "Score": 0}, {"Current horizontal": 534, "Current vertical": -7, "Action": 0, "Reward": 10, "Next horizontal": 530, "Next vertical": -7, "Score": 0}, {"Current horizontal": 530, "Current vertical": -7, "Action": 0, "Reward": 10, "Next horizontal": 526, "Next vertical": -8, "Score": 0}, {"Current horizontal": 526, "Current vertical": -8, "Action": 0, "Reward": 10, "Next horizontal": 522, "Next vertical": -9, "Score": 0}, {"Current horizontal": 522, "Current vertical": -9, "Action": 0, "Reward": 10, "Next horizontal": 518, "Next vertical": -11, "Score": 0}, {"Current horizontal": 518, "Current vertical": -11, "Action": 0, "Reward": 10, "Next horizontal": 514, "Next vertical": -13, "Score": 0}, {"Current horizontal": 514, "Current vertical": -13, "Action": 0, "Reward": 10, "Next horizontal": 510, "Next vertical": -16, "Score": 0}, {"Current horizontal": 510, "Current vertical": -16, "Action": 0, "Reward": 10, "Next horizontal": 506, "Next vertical": -19, "Score": 0}, {"Current horizontal": 506, "Current vertical": -19, "Action": 0, "Reward": 10, "Next horizontal": 502, "Next vertical": -23, "Score": 0}, {"Current horizontal": 502, "Current vertical": -23, "Action": 0, "Reward": 10, "Next horizontal": 498, "Next vertical": -27, "Score": 0}, {"Current horizontal": 498, "Current vertical": -27, "Action": 1, "Reward": 10, "Next horizontal": 494, "Next vertical": -18, "Score": 0}, {"Current horizontal": 494, "Current vertical": -18, "Action": 0, "Reward": 10, "Next horizontal": 490, "Next vertical": -9, "Score": 0}, {"Current horizontal": 490, "Current vertical": -9, "Action": 0, "Reward": 10, "Next horizontal": 486, "Next vertical": -1, "Score": 0}, {"Current horizontal": 486, "Current vertical": -1, "Action": 0, "Reward": 10, "Next horizontal": 482, "Next vertical": 7, "Score": 0}, {"Current horizontal": 482, "Current vertical": 7, "Action": 0, "Reward": 10, "Next horizontal": 478, "Next vertical": 14, "Score": 0}, {"Current horizontal": 478, "Current vertical": 14, "Action": 0, "Reward": 10, "Next horizontal": 474, "Next vertical": 21, "Score": 0}, {"Current horizontal": 474, "Current vertical": 21, "Action": 0, "Reward": 10, "Next horizontal": 470, "Next vertical": 27, "Score": 0}, {"Current horizontal": 470, "Current vertical": 27, "Action": 0, "Reward": 10, "Next horizontal": 466, "Next vertical": 33, "Score": 0}, {"Current horizontal": 466, "Current vertical": 33, "Action": 0, "Reward": 10, "Next horizontal": 462, "Next vertical": 38, "Score": 0}, {"Current horizontal": 462, "Current vertical": 38, "Action": 0, "Reward": 10, "Next horizontal": 458, "Next vertical": 43, "Score": 0}, {"Current horizontal": 458, "Current vertical": 43, "Action": 0, "Reward": 10, "Next horizontal": 454, "Next vertical": 47, "Score": 0}, {"Current horizontal": 454, "Current vertical": 47, "Action": 0, "Reward": 10, "Next horizontal": 450, "Next vertical": 51, "Score": 0}, {"Current horizontal": 450, "Current vertical": 51, "Action": 0, "Reward": 10, "Next horizontal": 446, "Next vertical": 54, "Score": 0}, {"Current horizontal": 446, "Current vertical": 54, "Action": 0, "Reward": 10, "Next horizontal": 442, "Next vertical": 57, "Score": 0}, {"Current horizontal": 442, "Current vertical": 57, "Action": 0, "Reward": 10, "Next horizontal": 438, "Next vertical": 59, "Score": 0}, {"Current horizontal": 438, "Current vertical": 59, "Action": 0, "Reward": 10, "Next horizontal": 434, "Next vertical": 61, "Score": 0}, {"Current horizontal": 434, "Current vertical": 61, "Action": 0, "Reward": 10, "Next horizontal": 430, "Next vertical": 62, "Score": 0}, {"Current horizontal": 430, "Current vertical": 62, "Action": 0, "Reward": 10, "Next horizontal": 426, "Next vertical": 63, "Score": 0}, {"Current horizontal": 426, "Current vertical": 63, "Action": 0, "Reward": 10, "Next horizontal": 422, "Next vertical": 63, "Score": 0}, {"Current horizontal": 422, "Current vertical": 63, "Action": 0, "Reward": 10, "Next horizontal": 418, "Next vertical": 63, "Score": 0}, {"Current horizontal": 418, "Current vertical": 63, "Action": 0, "Reward": 10, "Next horizontal": 414, "Next vertical": 63, "Score": 0}, {"Current horizontal": 414, "Current vertical": 63, "Action": 0, "Reward": 10, "Next horizontal": 410, "Next vertical": 62, "Score": 0}, {"Current horizontal": 410, "Current vertical": 62, "Action": 0, "Reward": 10, "Next horizontal": 406, "Next vertical": 61, "Score": 0}, {"Current horizontal": 406, "Current vertical": 61, "Action": 0, "Reward": 10, "Next horizontal": 402, "Next vertical": 59, "Score": 0}, {"Current horizontal": 402, "Current vertical": 59, "Action": 0, "Reward": 10, "Next horizontal": 398, "Next vertical": 57, "Score": 0}, {"Current horizontal": 398, "Current vertical": 57, "Action": 0, "Reward": 10, "Next horizontal": 394, "Next vertical": 54, "Score": 0}, {"Current horizontal": 394, "Current vertical": 54, "Action": 0, "Reward": 10, "Next horizontal": 390, "Next vertical": 51, "Score": 0}, {"Current horizontal": 390, "Current vertical": 51, "Action": 0, "Reward": 10, "Next horizontal": 386, "Next vertical": 47, "Score": 0}, {"Current horizontal": 386, "Current vertical": 47, "Action": 0, "Reward": 10, "Next horizontal": 382, "Next vertical": 43, "Score": 0}, {"Current horizontal": 382, "Current vertical": 43, "Action": 0, "Reward": 10, "Next horizontal": 378, "Next vertical": 38, "Score": 0}, {"Current horizontal": 378, "Current vertical": 38, "Action": 0, "Reward": 10, "Next horizontal": 374, "Next vertical": 33, "Score": 0}, {"Current horizontal": 374, "Current vertical": 33, "Action": 0, "Reward": 10, "Next horizontal": 370, "Next vertical": 27, "Score": 0}, {"Current horizontal": 370, "Current vertical": 27, "Action": 0, "Reward": 10, "Next horizontal": 366, "Next vertical": 21, "Score": 0}, {"Current horizontal": 366, "Current vertical": 21, "Action": 0, "Reward": 10, "Next horizontal": 362, "Next vertical": 14, "Score": 0}, {"Current horizontal": 362, "Current vertical": 14, "Action": 0, "Reward": 10, "Next horizontal": 358, "Next vertical": 7, "Score": 0}, {"Current horizontal": 358, "Current vertical": 7, "Action": 0, "Reward": 10, "Next horizontal": 354, "Next vertical": -1, "Score": 0}, {"Current horizontal": 354, "Current vertical": -1, "Action": 0, "Reward": 10, "Next horizontal": 350, "Next vertical": -9, "Score": 0}, {"Current horizontal": 350, "Current vertical": -9, "Action": 0, "Reward": 10, "Next horizontal": 346, "Next vertical": -17, "Score": 0}, {"Current horizontal": 346, "Current vertical": -17, "Action": 0, "Reward": 10, "Next horizontal": 342, "Next vertical": -25, "Score": 0}, {"Current horizontal": 342, "Current vertical": -25, "Action": 1, "Reward": 10, "Next horizontal": 338, "Next vertical": -16, "Score": 0}, {"Current horizontal": 338, "Current vertical": -16, "Action": 0, "Reward": 10, "Next horizontal": 334, "Next vertical": -7, "Score": 0}, {"Current horizontal": 334, "Current vertical": -7, "Action": 0, "Reward": 10, "Next horizontal": 330, "Next vertical": 1, "Score": 0}, {"Current horizontal": 330, "Current vertical": 1, "Action": 0, "Reward": 10, "Next horizontal": 326, "Next vertical": 9, "Score": 0}, {"Current horizontal": 326, "Current vertical": 9, "Action": 0, "Reward": 10, "Next horizontal": 322, "Next vertical": 16, "Score": 0}, {"Current horizontal": 322, "Current vertical": 16, "Action": 0, "Reward": 10, "Next horizontal": 318, "Next vertical": 23, "Score": 0}, {"Current horizontal": 318, "Current vertical": 23, "Action": 0, "Reward": 10, "Next horizontal": 314, "Next vertical": 29, "Score": 0}, {"Current horizontal": 314, "Current vertical": 29, "Action": 0, "Reward": 10, "Next horizontal": 310, "Next vertical": 35, "Score": 0}, {"Current horizontal": 310, "Current vertical": 35, "Action": 0, "Reward": 10, "Next horizontal": 306, "Next vertical": 40, "Score": 0}, {"Current horizontal": 306, "Current vertical": 40, "Action": 0, "Reward": 10, "Next horizontal": 302, "Next vertical": 45, "Score": 0}, {"Current horizontal": 302, "Current vertical": 45, "Action": 0, "Reward": 10, "Next horizontal": 298, "Next vertical": 49, "Score": 0}, {"Current horizontal": 298, "Current vertical": 49, "Action": 0, "Reward": 10, "Next horizontal": 294, "Next vertical": 53, "Score": 0}, {"Current horizontal": 294, "Current vertical": 53, "Action": 0, "Reward": 10, "Next horizontal": 290, "Next vertical": 56, "Score": 0}, {"Current horizontal": 290, "Current vertical": 56, "Action": 0, "Reward": 10, "Next horizontal": 286, "Next vertical": 59, "Score": 0}, {"Current horizontal": 286, "Current vertical": 59, "Action": 0, "Reward": 10, "Next horizontal": 282, "Next vertical": 61, "Score": 0}, {"Current horizontal": 282, "Current vertical": 61, "Action": 0, "Reward": 10, "Next horizontal": 278, "Next vertical": 63, "Score": 0}, {"Current horizontal": 278, "Current vertical": 63, "Action": 0, "Reward": 10, "Next horizontal": 274, "Next vertical": 64, "Score": 0}, {"Current horizontal": 274, "Current vertical": 64, "Action": 0, "Reward": 10, "Next horizontal": 270, "Next vertical": 65, "Score": 0}, {"Current horizontal": 270, "Current vertical": 65, "Action": 0, "Reward": 10, "Next horizontal": 266, "Next vertical": 65, "Score": 0}, {"Current horizontal": 266, "Current vertical": 65, "Action": 0, "Reward": 10, "Next horizontal": 262, "Next vertical": 65, "Score": 0}, {"Current horizontal": 262, "Current vertical": 65, "Action": 0, "Reward": 10, "Next horizontal": 258, "Next vertical": 65, "Score": 0}, {"Current horizontal": 258, "Current vertical": 65, "Action": 0, "Reward": 10, "Next horizontal": 254, "Next vertical": 64, "Score": 0}, {"Current horizontal": 254, "Current vertical": 64, "Action": 0, "Reward": 10, "Next horizontal": 250, "Next vertical": 63, "Score": 0}, {"Current horizontal": 250, "Current vertical": 63, "Action": 0, "Reward": 10, "Next horizontal": 246, "Next vertical": 61, "Score": 0}, {"Current horizontal": 246, "Current vertical": 61, "Action": 0, "Reward": 10, "Next horizontal": 242, "Next vertical": 59, "Score": 0}, {"Current horizontal": 242, "Current vertical": 59, "Action": 0, "Reward": 10, "Next horizontal": 238, "Next vertical": 56, "Score": 0}, {"Current horizontal": 238, "Current vertical": 56, "Action": 0, "Reward": 10, "Next horizontal": 234, "Next vertical": 53, "Score": 0}, {"Current horizontal": 234, "Current vertical": 53, "Action": 0, "Reward": 10, "Next horizontal": 230, "Next vertical": 49, "Score": 0}, {"Current horizontal": 230, "Current vertical": 49, "Action": 0, "Reward": 10, "Next horizontal": 226, "Next vertical": 45, "Score": 0}, {"Current horizontal": 226, "Current vertical": 45, "Action": 0, "Reward": 10, "Next horizontal": 222, "Next vertical": 40, "Score": 0}, {"Current horizontal": 222, "Current vertical": 40, "Action": 0, "Reward": 10, "Next horizontal": 218, "Next vertical": 35, "Score": 0}, {"Current horizontal": 218, "Current vertical": 35, "Action": 0, "Reward": 10, "Next horizontal": 214, "Next vertical": 29, "Score": 0}, {"Current horizontal": 214, "Current vertical": 29, "Action": 0, "Reward": 10, "Next horizontal": 210, "Next vertical": 23, "Score": 0}, {"Current horizontal": 210, "Current vertical": 23, "Action": 0, "Reward": 10, "Next horizontal": 206, "Next vertical": 16, "Score": 0}, {"Current horizontal": 206, "Current vertical": 16, "Action": 0, "Reward": 10, "Next horizontal": 202, "Next vertical": 9, "Score": 0}, {"Current horizontal": 202, "Current vertical": 9, "Action": 1, "Reward": 10, "Next horizontal": 198, "Next vertical": 18, "Score": 0}, {"Current horizontal": 198, "Current vertical": 18, "Action": 0, "Reward": 10, "Next horizontal": 194, "Next vertical": 27, "Score": 0}, {"Current horizontal": 194, "Current vertical": 27, "Action": 0, "Reward": 10, "Next horizontal": 190, "Next vertical": 35, "Score": 0}, {"Current horizontal": 190, "Current vertical": 35, "Action": 0, "Reward": 10, "Next horizontal": 186, "Next vertical": 43, "Score": 0}, {"Current horizontal": 186, "Current vertical": 43, "Action": 0, "Reward": 10, "Next horizontal": 182, "Next vertical": 50, "Score": 0}, {"Current horizontal": 182, "Current vertical": 50, "Action": 0, "Reward": 10, "Next horizontal": 178, "Next vertical": 57, "Score": 0}, {"Current horizontal": 178, "Current vertical": 57, "Action": 0, "Reward": 10, "Next horizontal": 174, "Next vertical": 63, "Score": 0}, {"Current horizontal": 174, "Current vertical": 63, "Action": 0, "Reward": 10, "Next horizontal": 170, "Next vertical": 69, "Score": 0}, {"Current horizontal": 170, "Current vertical": 69, "Action": 0, "Reward": 10, "Next horizontal": 166, "Next vertical": 74, "Score": 0}, {"Current horizontal": 166, "Current vertical": 74, "Action": 0, "Reward": 10, "Next horizontal": 162, "Next vertical": 79, "Score": 0}, {"Current horizontal": 162, "Current vertical": 79, "Action": 0, "Reward": 10, "Next horizontal": 158, "Next vertical": 83, "Score": 0}, {"Current horizontal": 158, "Current vertical": 83, "Action": 0, "Reward": 10, "Next horizontal": 154, "Next vertical": 87, "Score": 0}, {"Current horizontal": 154, "Current vertical": 87, "Action": 0, "Reward": 10, "Next horizontal": 150, "Next vertical": 90, "Score": 0}, {"Current horizontal": 150, "Current vertical": 90, "Action": 0, "Reward": 10, "Next horizontal": 146, "Next vertical": 93, "Score": 0}, {"Current horizontal": 146, "Current vertical": 93, "Action": 0, "Reward": 10, "Next horizontal": 142, "Next vertical": 95, "Score": 0}, {"Current horizontal": 142, "Current vertical": 95, "Action": 0, "Reward": 10, "Next horizontal": 138, "Next vertical": 97, "Score": 0}, {"Current horizontal": 138, "Current vertical": 97, "Action": 0, "Reward": 10, "Next horizontal": 134, "Next vertical": 98, "Score": 0}, {"Current horizontal": 134, "Current vertical": 98, "Action": 0, "Reward": 10, "Next horizontal": 130, "Next vertical": 99, "Score": 0}, {"Current horizontal": 130, "Current vertical": 99, "Action": 0, "Reward": 10, "Next horizontal": 126, "Next vertical": 99, "Score": 0}, {"Current horizontal": 126, "Current vertical": 99, "Action": 0, "Reward": 10, "Next horizontal": 122, "Next vertical": 99, "Score": 0}, {"Current horizontal": 122, "Current vertical": 99, "Action": 0, "Reward": 10, "Next horizontal": 118, "Next vertical": 99, "Score": 0}, {"Current horizontal": 118, "Current vertical": 99, "Action": 0, "Reward": 10, "Next horizontal": 114, "Next vertical": 98, "Score": 0}, {"Current horizontal": 114, "Current vertical": 98, "Action": 0, "Reward": 10, "Next horizontal": 110, "Next vertical": 97, "Score": 0}, {"Current horizontal": 110, "Current vertical": 97, "Action": 0, "Reward": 10, "Next horizontal": 106, "Next vertical": 95, "Score": 0}, {"Current horizontal": 106, "Current vertical": 95, "Action": 0, "Reward": 10, "Next horizontal": 102, "Next vertical": 93, "Score": 0}, {"Current horizontal": 102, "Current vertical": 93, "Action": 0, "Reward": 10, "Next horizontal": 98, "Next vertical": 90, "Score": 0}, {"Current horizontal": 98, "Current vertical": 90, "Action": 1, "Reward": 10, "Next horizontal": 94, "Next vertical": 99, "Score": 0}, {"Current horizontal": 94, "Current vertical": 99, "Action": 0, "Reward": 10, "Next horizontal": 90, "Next vertical": 108, "Score": 0}, {"Current horizontal": 90, "Current vertical": 108, "Action": 0, "Reward": 10, "Next horizontal": 86, "Next vertical": 116, "Score": 0}, {"Current horizontal": 86, "Current vertical": 116, "Action": 0, "Reward": 10, "Next horizontal": 82, "Next vertical": 124, "Score": 0}, {"Current horizontal": 82, "Current vertical": 124, "Action": 0, "Reward": 10, "Next horizontal": 78, "Next vertical": 131, "Score": 0}, {"Current horizontal": 78, "Current vertical": 131, "Action": 0, "Reward": 10, "Next horizontal": 74, "Next vertical": 138, "Score": 0}, {"Current horizontal": 78, "Current vertical": 131, "Action": 0, "Reward": -1000, "Next horizontal": null, "Next vertical": null, "Score": 0}]