[{"Current horizontal": null, "Current vertical": null, "Action": 1, "Reward": 10, "Next horizontal": 822, "Next vertical": -58, "Score": 0}, {"Current horizontal": 818, "Current vertical": -66, "Action": 0, "Reward": 10, "Next horizontal": 814, "Next vertical": -74, "Score": 0}, {"Current horizontal": 814, "Current vertical": -74, "Action": 0, "Reward": 10, "Next horizontal": 810, "Next vertical": -82, "Score": 0}, {"Current horizontal": 810, "Current vertical": -82, "Action": 0, "Reward": 10, "Next horizontal": 806, "Next vertical": -90, "Score": 0}, {"Current horizontal": 806, "Current vertical": -90, "Action": 0, "Reward": 10, "Next horizontal": 802, "Next vertical": -98, "Score": 0}, {"Current horizontal": 802, "Current vertical": -98, "Action": 0, "Reward": 10, "Next horizontal": 798, "Next vertical": -106, "Score": 0}, {"Current horizontal": 798, "Current vertical": -106, "Action": 0, "Reward": 10, "Next horizontal": 794, "Next vertical": -114, "Score": 0}, {"Current horizontal": 794, "Current vertical": -114, "Action": 0, "Reward": 10, "Next horizontal": 790, "Next vertical": -122, "Score": 0}, {"Current horizontal": 790, "Current vertical": -122, "Action": 0, "Reward": 10, "Next horizontal": 786, "Next vertical": -130, "Score": 0}, {"Current horizontal": 786, "Current vertical": -130, "Action": 0, "Reward": 10, "Next horizontal": 782, "Next vertical": -138, "Score": 0}, {"Current horizontal": 782, "Current vertical": -138, "Action": 0, "Reward": 10, "Next horizontal": 778, "Next vertical": -146, "Score": 0}, {"Current horizontal": 778, "Current vertical": -146, "Action": 0, "Reward": 10, "Next horizontal": 774, "Next vertical": -154, "Score": 0}, {"Current horizontal": 774, "Current vertical": -154, "Action": 0, "Reward": 10, "Next horizontal": 770, "Next vertical": -162, "Score": 0}, {"Current horizontal": 770, "Current vertical": -162, "Action": 0, "Reward": 10, "Next horizontal": 766, "Next vertical": -170, "Score": 0}, {"Current horizontal": 766, "Current vertical": -170, "Action": 0, "Reward": 10, "Next horizontal": 762, "Next vertical": -178, "Score": 0}, {"Current horizontal": 762, "Current vertical": -178, "Action": 0, "Reward": 10, "Next horizontal": 758, "Next vertical": -186, "Score": 0}, {"Current horizontal": 758, "Current vertical": -186, "Action": 0, "Reward": 10, "Next horizontal": 754, "Next vertical": -194, "Score": 0}, {"Current horizontal": 754, "Current vertical": -194, "Action": 0, "Reward": 10, "Next horizontal": 750, "Next vertical": -202, "Score": 0}, {"Current horizontal": 750, "Current vertical": -202, "Action": 0, "Reward": 10, "Next horizontal": 746, "Next vertical": -210, "Score": 0}, {"Current horizontal": 746, "Current vertical": -210, "Action": 0, "Reward": 10, "Next horizontal": 742, "Next vertical": -218, "Score": 0}, {"Current horizontal": 742, "Current vertical": -218, "Action": 0, "Reward": 10, "Next horizontal": 738, "Next vertical": -226, "Score": 0}, {"Current horizontal": 738, "Current vertical": -226, "Action": 0, "Reward": 10, "Next horizontal": 734, "Next vertical": -234, "Score": 0}, {"Current horizontal": 734, "Current vertical": -234, "Action": 0, "Reward": 10, "Next horizontal": 730, "Next vertical": -242, "Score": 0}, {"Current horizontal": 730, "Current vertical": -242, "Action": 0, "Reward": 10, "Next horizontal": 726, "Next vertical": -250, "Score": 0}, {"Current horizontal": 726, "Current vertical": -250, "Action": 0, "Reward": 10, "Next horizontal": 722, "Next vertical": -258, "Score": 0}, {"Current horizontal": 722, "Current vertical": -258, "Action": 0, "Reward": 10, "Next horizontal": 718, "Next vertical": -266, "Score": 0}, {"Current horizontal": 718, "Current vertical": -266, "Action": 0, "Reward": 10, "Next horizontal": 714, "Next vertical": -274, "Score": 0}, {"Current horizontal": 714, "Current vertical": -274, "Action": 0, "Reward": 10, "Next horizontal": 710, "Next vertical": -282, "Score": 0}, {"Current horizontal": 710, "Current vertical": -282, "Action": 0, "Reward": 10, "Next horizontal": 706, "Next vertical": -290, "Score": 0}, {"Current horizontal": 706, "Current vertical": -290, "Action": 0, "Reward": 10, "Next horizontal": 702, "Next vertical": -298, "Score": 0}, {"Current horizontal": 702, "Current vertical": -298, "Action": 0, "Reward": 10, "Next horizontal": 698, "Next vertical": -306, "Score": 0}, {"Current horizontal": 698, "Current vertical": -306, "Action": 0, "Reward": 10, "Next horizontal": 694, "Next vertical": -314, "Score": 0}, {"Current horizontal": 698, "Current vertical": -306, "Action": 0, "Reward": -1000, "Next horizontal": null, "Next vertical": null, "Score": 0}]