[{"Current horizontal": null, "Current vertical": null, "Action": 1, "Reward": 10, "Next horizontal": 822, "Next vertical": 119, "Score": 0}, {"Current horizontal": 818, "Current vertical": 111, "Action": 0, "Reward": 10, "Next horizontal": 814, "Next vertical": 103, "Score": 0}, {"Current horizontal": 814, "Current vertical": 103, "Action": 0, "Reward": 10, "Next horizontal": 810, "Next vertical": 95, "Score": 0}, {"Current horizontal": 810, "Current vertical": 95, "Action": 0, "Reward": 10, "Next horizontal": 806, "Next vertical": 87, "Score": 0}, {"Current horizontal": 806, "Current vertical": 87, "Action": 0, "Reward": 10, "Next horizontal": 802, "Next vertical": 79, "Score": 0}, {"Current horizontal": 802, "Current vertical": 79, "Action": 0, "Reward": 10, "Next horizontal": 798, "Next vertical": 71, "Score": 0}, {"Current horizontal": 798, "Current vertical": 71, "Action": 0, "Reward": 10, "Next horizontal": 794, "Next vertical": 63, "Score": 0}, {"Current horizontal": 794, "Current vertical": 63, "Action": 0, "Reward": 10, "Next horizontal": 790, "Next vertical": 55, "Score": 0}, {"Current horizontal": 790, "Current vertical": 55, "Action": 0, "Reward": 10, "Next horizontal": 786, "Next vertical": 47, "Score": 0}, {"Current horizontal": 786, "Current vertical": 47, "Action": 0, "Reward": 10, "Next horizontal": 782, "Next vertical": 39, "Score": 0}, {"Current horizontal": 782, "Current vertical": 39, "Action": 0, "Reward": 10, "Next horizontal": 778, "Next vertical": 31, "Score": 0}, {"Current horizontal": 778, "Current vertical": 31, "Action": 0, "Reward": 10, "Next horizontal": 774, "Next vertical": 23, "Score": 0}, {"Current horizontal": 774, "Current vertical": 23, "Action": 0, "Reward": 10, "Next horizontal": 770, "Next vertical": 15, "Score": 0}, {"Current horizontal": 770, "Current vertical": 15, "Action": 0, "Reward": 10, "Next horizontal": 766, "Next vertical": 7, "Score": 0}, {"Current horizontal": 766, "Current vertical": 7, "Action": 0, "Reward": 10, "Next horizontal": 762, "Next vertical": -1, "Score": 0}, {"Current horizontal": 762, "Current vertical": -1, "Action": 0, "Reward": 10, "Next horizontal": 758, "Next vertical": -9, "Score": 0}, {"Current horizontal": 758, "Current vertical": -9, "Action": 0, "Reward": 10, "Next horizontal": 754, "Next vertical": -17, "Score": 0}, {"Current horizontal": 754, "Current vertical": -17, "Action": 0, "Reward": 10, "Next horizontal": 750, "Next vertical": -25, "Score": 0}, {"Current horizontal": 750, "Current vertical": -25, "Action": 0, "Reward": 10, "Next horizontal": 746, "Next vertical": -33, "Score": 0}, {"Current horizontal": 746, "Current vertical": -33, "Action": 0, "Reward": 10, "Next horizontal": 742, "Next vertical": -41, "Score": 0}, {"Current horizontal": 742, "Current vertical": -41, "Action": 0, "Reward": 10, "Next horizontal": 738, "Next vertical": -49, "Score": 0}, {"Current horizontal": 738, "Current vertical": -49, "Action": 0, "Reward": 10, "Next horizontal": 734, "Next vertical": -57, "Score": 0}, {"Current horizontal": 734, "Current vertical": -57, "Action": 0, "Reward": 10, "Next horizontal": 730, "Next vertical": -65, "Score": 0}, {"Current horizontal": 730, "Current vertical": -65, "Action": 0, "Reward": 10, "Next horizontal": 726, "Next vertical": -73, "Score": 0}, {"Current horizontal": 726, "Current vertical": -73, "Action": 0, "Reward": 10, "Next horizontal": 722, "Next vertical": -81, "Score": 0}, {"Current horizontal": 722, "Current vertical": -81, "Action": 0, "Reward": 10, "Next horizontal": 718, "Next vertical": -89, "Score": 0}, {"Current horizontal": 718, "Current vertical": -89, "Action": 0, "Reward": 10, "Next horizontal": 714, "Next vertical": -97, "Score": 0}, {"Current horizontal": 714, "Current vertical": -97, "Action": 0, "Reward": 10, "Next horizontal": 710, "Next vertical": -105, "Score": 0}, {"Current horizontal": 710, "Current vertical": -105, "Action": 0, "Reward": 10, "Next horizontal": 706, "Next vertical": -113, "Score": 0}, {"Current horizontal": 706, "Current vertical": -113, "Action": 0, "Reward": 10, "Next horizontal": 702, "Next vertical": -121, "Score": 0}, {"Current horizontal": 702, "Current vertical": -121, "Action": 0, "Reward": 10, "Next horizontal": 698, "Next vertical": -129, "Score": 0}, {"Current horizontal": 698, "Current vertical": -129, "Action": 0, "Reward": 10, "Next horizontal": 694, "Next vertical": -137, "Score": 0}, {"Current horizontal": 698, "Current vertical": -129, "Action": 0, "Reward": -1000, "Next horizontal": null, "Next vertical": null, "Score": 0}]